id,name,model_id:id,group_id:id,perm_read,perm_write,perm_create,perm_unlink
access_utm_campaign_user,access_utm_campaign_user,model_utm_campaign,base.group_user,1,1,1,0
access_utm_campaign_system,utm.campaign.system,model_utm_campaign,base.group_system,1,1,1,1
access_utm_medium_user,access_utm_medium_user,model_utm_medium,base.group_user,1,1,1,0
access_utm_source_user,access_utm_source_user,model_utm_source,base.group_user,1,1,1,0
access_utm_stage_user,mail.utm.stage,model_utm_stage,base.group_user,1,0,0,0
access_utm_stage_system,mail.utm.stage,model_utm_stage,base.group_system,1,1,1,1
access_utm_campaign,access_utm_campaign,model_utm_campaign,,1,0,1,0
access_utm_medium,access_utm_medium,model_utm_medium,,1,0,1,0
access_utm_source,access_utm_source,model_utm_source,,1,0,1,0
access_utm_tag_user,utm.tag,model_utm_tag,base.group_user,1,0,0,0
access_utm_tag_system,utm.tag,model_utm_tag,base.group_system,1,1,1,1
