Name,Is a company,Related company,Address type,Street,ZIP,City,State,Country
Aurora Shelves,1,,,25 Pacific Road,95101,San José,California,United States
Roger Martins,0,Aurora Shelves,Invoice address,27 Pacific Road,95102,San José,California,United States
House Sales Direct,1,,,104 Saint Mary Avenue,94059,Redwood,California,United States
Yvan Holiday,0,House Sales Direct,Contact,104 Saint Mary Avenue,94060,Redwood,California,United States
Jack Unsworth,0,House Sales Direct,Invoice address,227 Jackson Road,94061,Redwood,California,United States
Michael Mason,0,,,16 5th Avenue,94104,San Francisco,California,United States
International Wood,1,,,748 White House Boulevard,20004,Washington,D.C.,United States
Sharon Pecker,0,International Wood,Invoice address,755 White House Boulevard,20005,Washington,D.C.,United States