id,name,model_id:id,group_id:id,perm_read,perm_write,perm_create,perm_unlink
access_mail_group_all,access_mail_group_all,model_mail_group,,1,0,0,0
access_mail_group_user,access_mail_group_user,model_mail_group,base.group_user,1,1,1,1
access_mail_group_member,access_mail_group_member,model_mail_group_member,base.group_user,1,1,1,1
access_mail_group_message_all,access_mail_group_message_all,model_mail_group_message,,1,0,0,0
access_mail_group_message_user,access_mail_group_message_user,model_mail_group_message,base.group_user,1,1,1,1
access_mail_group_moderation,access_mail_group_moderation,model_mail_group_moderation,base.group_user,1,1,1,1
access_mail_group_message_reject,access_mail_group_message_reject,model_mail_group_message_reject,base.group_user,1,1,1,1
